{
  "baseline_fp32": {
    "acc": 91.39908256880734,
    "mean_ms_per_batch": 4.417140502482653,
    "batches_measured": 7
  },
  "baseline_fp32_incorrect": 75,
  "baseline_int8": {
    "acc": 91.28440366972477,
    "mean_ms_per_batch": 93.88090171185988,
    "batches_measured": 7
  },
  "baseline_int8_incorrect": 76,
  "edited_fp32": {
    "acc": 100.0,
    "mean_ms_per_batch": 4.8683262430131435,
    "batches_measured": 7
  },
  "edited_fp32_incorrect": 0,
  "edited_int8": {
    "acc": 99.54128440366972,
    "mean_ms_per_batch": 88.88558744053755,
    "batches_measured": 7
  },
  "edited_int8_incorrect": 4
}